{"cameraMode":{"drawMode":0,"name":"Shaded","section":"Shading Mode"},"sceneLighting":true,"audioPlay":false,"sceneViewState":{"m_AlwaysRefresh":false,"showFog":true,"showSkybox":true,"showFlares":true,"showImageEffects":true,"showParticleSystems":true,"showVisualEffectGraphs":true,"m_FxEnabled":true},"in2DMode":false,"pivot":{"x":86.4556884765625,"y":113.38162231445313,"z":-0.7441864013671875},"rotation":{"x":-0.014187793247401715,"y":0.008809277787804604,"z":0.0003758934617508203,"w":0.9999089241027832},"size":98.63714599609375,"orthographic":false}